Country,2020,2019,2018,2017,2016,2015,2014,2013,2012,2010,2009,2008,2007,2006,2005,2004,2003,2002
,-122,-121,-118,-120,-120,-122,-128,-128,-150,-147,-149,-156,-142,-130,-125,-97,-134,-104
 Afghanistan,37.7,36.55,37.28,39.46,37.75,37.44,37.07,37.36,74,51.67,54.25,59.25,56.5,44.25,39.17,28.25,40.17,35.50v
,-84,-82,-75,-76,-82,-82,-85,-102,-96,-80,-88,-79,-87,-80,-62,-50,-34,N/A
 Albania,30.25,29.84,29.49,29.92,29.92,28.77,29.92,30.88,34.44,21.5,21.75,16,25.5,18,14.17,11.5,6.5,
,-146,-141,-136,-134,-129,-119,-121,-125,-122,-133,-141,-121,-123,-126,-129,-128,-108,-95
 Algeria,45.52,45.75,43.13,42.83,41.69,36.63,36.26,36.54,56,47.33,49.56,31.33,40.5,40,40.33,43.5,33,31
,-37,-37,-37,-35,-33,-32,-5,-5,N/A,N/A,N/A,N/A,N/A,N/A,N/A,N/A,N/A,N/A
 Andorra,23.23,24.63,22.21,21.03,19.87,19.87,6.82,6.82,,,,,,,,,,
,-106,-109,-121,-125,-123,-123,-124,-130,-132,-104,-119,-116,-91,-91,-76,-91,-97,-93
 Angola,33.92,34.96,38.36,40.42,39.89,37.84,36.5,37.8,58.43,28.5,36.5,29.5,26.5,21.5,18,26.5,28,30.17
,-64,-57,-52,-50,-54,-57,-55,-54,-47,-55,-47,-68,-82,-76,-59,-79,-67,-42
 Argentina,28.78,28.3,26.05,25.07,25.09,26.11,25.27,25.67,14,16.35,11.33,14.08,24.83,17.3,13.67,21.33,15.17,12
,-61,-61,-80,-79,-74,-78,-78,-74,-77,-101,-111,-102,-77,-101,-102,-83,-90,N/A
 Armenia,28.6,28.98,29.99,30.38,28.79,28.43,29.07,28.04,27,27.5,31.13,22.75,23.63,25.5,26,23.5,25.17,
,-26,-21,-19,-19,-25,-25,-28,-26,-30,-18,-16,-28,-28,-35,-31,-41,-50,-12
 Australia,20.21,16.55,15.46,16.02,17.84,17.03,16.91,15.24,4,5.38,3.13,6.25,8.79,9,6.5,9.5,9.25,3.5
,-18,-16,-11,-11,-11,-7,-12,-12,-5,-7,-13,-14,-16,-16,-16,-17,-16,-26
 Austria,15.78,15.33,14.04,13.47,13.18,10.85,10.01,9.4,−8.00,0.5,3,3.5,4.25,4.5,2.5,3.25,2.75,7.5
,-168,-166,-163,-162,-163,-162,-160,-156,-162,-152,-146,-150,-139,-135,-141,-136,-113,-101
 Azerbaijan,58.48,59.13,59.73,56.4,57.89,58.41,52.87,47.73,87.25,56.38,53.5,53.63,55.4,47,51,49.67,34.5,34.5
,-169,-167,-166,-164,-162,-163,-163,-165,-173,-144,-119,-96,-118,-111,-123,-143,-117,-67
 Bahrain,60.13,61.31,60.85,58.88,54.86,58.69,58.26,62.75,125,51.38,36.5,21.17,38,28,38.75,52.5,35.17,23
,-151,-150,-146,-146,-144,-146,-146,-144,-129,-126,-121,-136,-134,-137,-151,-151,-143,-118
 Bangladesh,49.37,50.74,48.62,48.36,45.94,42.95,42.58,42.01,57,42.5,37.33,42.7,53.17,48,61.25,62.5,46.5,43.75
,-153,-153,-155,-153,-157,-157,-157,-157,-168,-154,-151,-154,-151,-151,-152,-144,-151,-124
 Belarus,49.75,51.66,52.59,52.43,54.32,47.98,47.82,48.35,99,57,59.5,58.33,63.63,57,61.33,54.1,52,52.17
,-12,-9,-7,-9,-13,-15,-23,-21,-20,-14,-11,-7,-5,-14,-18,-22,-7,-12
 Belgium,12.57,12.07,13.16,12.75,14.18,11.98,12.8,12.94,−2.00,4,2.5,3,1.5,4,4,4,1.17,3.5
,-53,-53,-47,-41,-36,-30,-29,N/A,N/A,N/A,N/A,N/A,N/A,N/A,N/A,N/A,N/A,N/A
 Belize,27.5,27.5,24.55,23.43,20.61,18.54,17.05,,,,,,,,,,,
,-113,-96,-84,-78,-78,-84,-75,-79,-91,-70,-72,-70,-53,-23,-25,-27,-29,-21
 Benin,35.11,31.74,30.16,30.32,28.97,29.24,28.83,28.33,31,19,16,15,17,5.5,5.5,5.5,5.25,6
,-67,-80,-94,-84,-94,-104,-92,-82,-70,-64,-70,-74,-116,-98,-142,-146,-157,-135
 Bhutan,28.9,29.81,30.73,30.73,30.73,32.65,30.73,28.42,24,17.75,15.75,15.5,37.17,25,51.5,55.83,77.33,90.75
,-114,-113,-110,-107,-97,-94,-94,-109,-108,-103,-95,-115,-68,-16,-45,-76,-51,-48
 Bolivia,35.37,35.38,32.45,33.88,31.78,31.29,31.04,32.8,40,28.13,24.17,28.2,21.5,4.5,9.67,20,9.67,14.5
,-58,-63,-62,-65,-68,-66,-66,-68,-58,-47,-39,-36,-34,-19,-33,-21,-37,-43
 Bosnia and Herzegovina,28.51,29.02,27.37,27.83,28.45,27.51,26.86,26.86,19.5,13.5,10.5,8,11.17,5,7,3.67,6.83,12.5
,-39,-44,-48,-48,-43,-42,-41,-40,-42,-62,-62,-66,-75,-53,-60,-50,-62,N/A
 Botswana,23.56,25.09,25.29,24.93,22.91,22.91,22.91,22.91,12,17.5,15.5,14,23.5,13,14,11.5,13,
,-107,-105,-102,-103,-104,-99,-111,-108,-99,-58,-71,-82,-84,-75,-63,-66,-71,-54
 Brazil,34.05,32.79,31.2,33.58,32.62,31.93,34.03,32.75,35.33,16.6,15.88,18,25.25,17.17,14.5,16.5,16.75,18.75
,-152,-152,-153,-156,-155,-121,-117,-122,-125,-142,-155,N/A,N/A,N/A,N/A,N/A,N/A,-111
 Brunei,49.65,51.48,51.48,53.72,53.85,36.76,35.45,35.45,56.2,51,63.5,,,,,,,38
,-111,-111,-111,-109,-113,-106,-100,-87,-80,-70,-68,-59,-51,-35,-48,-36,-34,-38
 Bulgaria,35.06,35.11,35.22,35.01,34.46,32.91,31.42,28.58,29,19,15.61,12.5,16.25,9,10.25,8,6.5,9.75
,-38,-36,-41,-42,-42,-46,-52,-46,-68,-49,-57,-63,-68,-70,-78,-64,-76,-85
 Burkina Faso,23.47,24.53,23.33,23.85,22.66,23.79,24.45,23.7,23.33,15,15,13,21.5,16,19,16.25,18,27.75
,-160,-159,-159,-160,-156,-145,-142,-132,-130,-108,-103,-94,-127,-125,-90,-73,-92,-72
 Burundi,55.33,52.89,55.26,55.78,54.1,42.93,40.5,38.02,57.75,28.88,29,21,43.4,39.83,23,19,26.25,24.5
,-144,-143,-142,-132,-128,-139,-144,-143,-117,-128,-117,-126,-85,-108,-90,-109,-81,-71
 Cambodia,45.46,45.9,45.9,42.07,40.7,40.99,40.97,41.81,55,43.83,35.17,35.5,25.33,27.25,23,36.5,19.5,24.25
,-134,-131,-129,-130,-126,-133,-131,-120,-97,-129,-109,-129,-111,-112,-83,-93,-98,-88
 Cameroon,43.28,43.32,40.92,41.59,40.53,39.63,38.13,34.78,35,44.3,30.5,36.9,36,28.25,20.5,27,30.5,28.83
,-16,-18,-18,-22,-18,-8,-18,-20,-10,-21,-19,-13,-18,-16,-21,-18,-10,-5
 Canada,15.29,15.69,15.28,16.53,15.26,10.99,10.99,12.69,−5.67,7,3.7,3.33,4.88,4.5,4.5,3.33,1.83,0.75
,-25,-25,-29,-27,-32,-36,-24,-25,-9,-26,-44,-36,-45,-45,-29,-38,-47,-46
 Cape Verde,20.15,19.81,20.39,18.02,19.82,20.69,14.32,14.33,−6.00,8,11,8,14,11.5,6,8.75,8.25,13.75
,-132,-145,-112,-113,-110,-110,-109,-65,-62,-69,-80,-85,-71,-62,-82,-104,-107,-63
 Central African Republic,42.87,47.27,35.25,36.12,33.6,33.84,33.13,26.61,20,18.5,17.75,18.5,22.5,14.5,19.75,32.5,32.75,21.5
,-123,-122,-123,-121,-127,-135,-139,-121,-103,-112,-132,-133,-113,-124,-109,-106,-88,-87
 Chad,39.7,36.71,38.45,39.66,40.59,40.17,40.22,34.87,37.67,33.17,44.5,41.25,36.5,35.5,30,33.25,24,28.75
,-51,-46,-38,-33,-31,-43,-58,-60,-80,-33,-39,-56,-39,-49,-50,-42,-37,-24
 Chile,27.31,25.65,22.69,20.53,19.23,23,25.8,26.24,29,10.5,10.5,11.5,12.13,11.63,11.75,10,6.83,6.5
,-177,-177,-176,-176,-176,-176,-175,-173,-174,-171,-168,-167,-163,-163,-159,-162,-161,-138
 China,78.48,78.92,78.29,77.66,80.96,73.55,72.91,73.07,136,84.67,84.5,85.5,89,94,83,92.33,91.25,97
,-130,-129,-130,-129,-134,-128,-126,-129,-143,-145,-126,-126,-126,-131,-128,-134,-147,-114
 Colombia,42.66,42.82,41.03,41.47,44.11,39.08,36.68,37.48,66.5,51.5,40.13,35.5,42.33,44.75,40.17,47.38,49.17,40.83
,-75,-56,-49,-44,-50,-50,-53,-51,-45,-70,-82,-89,-96,-93,-88,-91,-79,-58
 Comoros,29.77,27.91,25.3,24.33,24.33,24.52,24.52,24.52,13,19,19,20,28,22.5,22,26.5,18.5,20.5
,-118,-117,-114,-115,-115,-107,-82,-76,-90,-114,-116,-92,-80,-73,-71,-69,-63,-69
 Congo,36.56,36.04,35.42,36.73,35.84,33,29.44,28.2,30.38,33.6,34.75,20.75,24.5,17,17,17.5,14,23.17c
,-7,-10,-10,-6,-6,-16,-21,-18,-19,-29,-30,-22,-21,-29,-41,-35,-24,-15
 Costa Rica,10.53,12.24,14.01,11.93,11.1,12.26,12.23,12.08,−2.25,8.08,8,5.1,6.5,6.67,8.5,7.63,3.83,4.25
,-59,-64,-69,-74,-63,-58,-65,-64,-68,-62,-78,-45,-41,-53,-56,-54,-69,-33
 Croatia,28.51,29.03,28.94,29.59,27.91,26.12,26.82,26.61,23.33,17.5,17.17,8.5,12.5,13,12.83,11.83,16.5,8.75
,-171,-169,-172,-173,-171,-169,-170,-171,-167,-166,-170,-169,-165,-165,-161,-166,-165,-134
 Cuba,63.81,63.81,68.9,71.75,70.23,70.21,70.92,71.64,98.83,78,94,88.33,96.17,95,87,106.83,97.83,90.25
,-27,-28,-25,-30,-27,-24,-25,-24,-16,-45,-25,-31,-45,-30,-25,-81,-83,N/A
 Cyprus,20.45,21.74,19.85,19.79,18.26,16.52[b],14.45,13.83,−3.00,13.4,5.5,7.5,14,7.5,5.5,22,20.83,
,-40,-40,-34,-23,-21,-13,-13,-16,-14,-23,-24,-16,-14,-5,-9,-19,-12,-41
 Czech Republic,23.57,24.89,21.89,16.91,16.66,11.62,10.07,10.17,−5.00,7.5,5,4,4,0.75,1,3.5,2.5,11.25
,-3,-5,-9,-4,-4,-3,-7,-6,-10,-11,-1,-14,-8,-19,-1,-1,-5,-10
 Denmark,8.13,9.87,13.99,10.36,8.89,8.24,7.43,7.08,−5.67,2.5,0,3.5,2,5,0.5,0.5,1,3
,-176,-173,-173,-172,-172,-170,-169,-167,-159,-110,-110,-134,-132,-121,-121,-145,-120,-96
 Djibouti,76.73,71.36,70.77,70.54,70.9,71.04,70.34,67.4,83.5,30.5,31,41.5,50.25,33,37,55,35.5,31.25
,-55,-55,-59,-59,-62,-63,-68,-80,-95,-97,-98,-82,-72,-52,-51,-31,-72,N/A
 Dominican Republic,27.9,27.9,26.79,26.76,27.9,27.31,27.17,28.34,33.25,26.13,26.83,18,22.75,12.75,12.25,6.75,17,
,-150,-154,-154,-154,-152,-150,-151,-142,-145,-148,-146,-148,-133,-142,-146,-141,-127,-113
 DR Congo,49.09,51.71,51.6,52.67,50.97,44.31,44.64,41.66,67.67,51.83,53.5,51.25,50.5,51,57.33,51.5,38.5,40.75
,-78,-84,-95,-98,-99,-103,-77,-90,-86,-93,-72,-65,-94,-83,-58,-57,-30,N/A
 East Timor,29.9,29.93,30.81,32.82,32.02,32.63,29.04,28.72,30,25,16,13.75,27,18.5,13.5,13.5,5.5,
,-98,-97,-92,-105,-109,-108,-95,-119,-104,-101,-84,-74,-56,-68,-87,-66,-42,-20
 Ecuador,32.62,31.88,30.56,33.64,33.21,33.65,31.16,34.69,38,27.5,20,15.5,18.5,15.25,21.75,16.5,7.67,5.5
,-166,-163,-161,-161,-159,-158,-159,-158,-166,-127,-143,-146,-146,-133,-143,-128,-110,-101
 Egypt,56.82,56.47,56.72,55.78,54.45,50.17,51.89,48.66,97.5,43.33,51.38,50.25,58,46.25,52,43.5,34.25,34.5
,-74,-81,-66,-62,-58,-45,-38,-38,-37,-51,-79,-62,-64,-41,-28,-28,-37,-33
 El Salvador,29.7,29.81,27.78,27.24,27.2,23.66,21.57,22.86,9.3,15.83,17.25,12.8,20.2,10,5.75,6,6.83,8.75
,-165,-165,-171,-171,-168,-167,-168,-166,-161,-167,-158,-156,-153,-137,-133,-133,-139,-117
 Equatorial Guinea,56.38,58.35,66.47,66.47,66.47,66.23,67.95,67.2,86,79,65.5,59.25,65.25,48,44,46.25,44.75,42.75
,-178,-178,-179,-179,-180,-180,-180,-179,-179,-178,-175,-173,-169,-166,-166,-163,-162,-132
 Eritrea,83.5,80.26,84.24,84.24,83.92,84.86,84.83,84.83,142,105,115.5,97.5,114.75,97.5,99.75,93.25,91.5,83.67
,-14,-11,-12,-12,-14,-10,-11,-11,-3,-9,-6,-4,-3,-6,-11,-11,-12,N/A
 Estonia,12.61,12.27,14.08,13.55,14.31,11.19,9.63,9.26,−9.00,2,0.5,2,1,2,1.5,2,2.5,
,-141,-147,-152,-152,-153,-155,-156,-155,-144,-155,-144,-147,-138,-127,-118,-101,-124,-89
 Eswatini,45.15,49.09,51.46,51.27,52.37,47.28,46.76,46.76,67,57.5,52.5,50.5,54.5,40.5,35,31,37.5,29
,-99,-110,-150,-150,-142,-142,-143,-137,-127,-139,-140,-142,-150,-160,-131,-112,-124,-107
 Ethiopia,32.82,35.11,50.17,50.34,45.13,41.83,40.58,39.57,56.6,49.38,49,47.75,63,75,42,37,37.5,37.5
,-52,-52,-57,-67,-80,-93,-107,-107,-117,-149,-152,-79,-107,-58,-60,-63,-59,N/A
 Fiji,27.41,27.18,26.55,28.64,29.37,31.28,32.57,32.69,55,52.75,60,16,33.5,14,14,16,11.5,
,-2,-2,-4,-3,-1,-1,-1,-1,-1,-1,-1,-4,-5,-1,-1,-1,-1,-1
 Finland,7.93,7.9,10.26,8.92,8.59,7.52,6.4,6.38,−10.00,0,0,2,1.5,0.5,0.5,0.5,0.5,0.5
,-34,-32,-33,-39,-45,-38,-39,-37,-38,-44,-43,-35,-31,-35,-30,-19,-26,-11
 France,22.92,22.21,21.87,22.24,23.83,21.15,21.89,21.6,9.5,13.38,10.67,7.67,9.75,9,6.25,3.5,4.17,3.25
,-121,-115,-108,-108,-100,-95,-98,-89,-101,-107,-129,-110,-102,-114,-102,-115,-101,-58
 Gabon,37.2,35.6,32.37,34.83,32.2,31.38,31.32,28.69,36.5,28.75,43.5,26.75,31.5,28.5,26,37.5,31.25,20.5
,-87,-92,-122,-143,-145,-151,-155,-152,-141,-125,-137,-137,-130,-149,-130,-98,-77,-64
 Gambia,30.62,31.35,38.36,46.7,46.53,44.5,46.42,45.09,65.5,40.5,48.25,42.75,48.25,54,41,29.5,18.25,22.5
,-60,-60,-61,-64,-64,-69,-84,-100,-104,-99,-81,-120,-66,-89,-99,-94,-73,N/A
 Georgia,28.59,28.98,27.34,27.76,27.96,27.7,29.78,30.09,38,27,18.83,31.25,20.83,21,25.17,27.5,17.33,
,-11,-13,-15,-16,-16,-12,-14,-17,-16,-17,-18,-20,-20,-23,-18,-11,-8,-7
 Germany,12.16,14.6,14.39,14.97,14.8,11.47,10.23,10.24,−3.00,4.25,3.5,4.5,5.75,5.5,4,2,1.33,1.5
,-30,-27,-23,-26,-26,-22,-27,-30,-41,-26,-27,-31,-29,-34,-66,-57,-48,-67
 Ghana,22.26,20.81,18.41,17.95,17.95,15.5,16.29,17.27,11,8,6,7.5,9,8.5,15,13.5,8.75,23
,-65,-65,-74,-88,-89,-91,-99,-84,-70,-70,-35,-31,-30,-32,-18,-33,-31,-19
 Greece,28.8,29.08,29.19,30.89,30.35,31.01,31.33,28.46,24,19,9,7.5,9.25,8,4,7,6,5
,N/A,N/A,N/A,N/A,N/A,N/A,N/A,N/A,N/A,N/A,N/A,N/A,N/A,N/A,N/A,-55,N/A,N/A
 Grenada,,,,,,,,,,,,,,,,12,,
,-116,-116,-116,-118,-121,-124,-125,-95,-97,-77,-106,-101,-104,-90,-86,-66,-99,-83
 Guatemala,35.74,35.94,36.17,39.33,38.03,37.92,36.61,29.39,35,20.25,29.5,22.64,33,21.25,21.5,16.5,30.83,27.25
,-110,-107,-104,-101,-108,-102,-102,-86,-86,-113,-100,-99,-107,-109,-102,-88,-109,-79
 Guinea,34.34,33.49,31.9,33.15,33.08,32.56,31.67,28.49,30,33.5,28.5,21.5,33.5,27.5,26,24.5,33.17,26
,-94,-89,-83,-77,-79,-81,-86,-92,-75,-67,-92,-81,-107,-62,-71,-83,-118,-94
 Guinea-Bissau,32.06,30.95,30.09,30.09,29.03,28.7,30.05,28.94,26,18.25,23.5,16.33,33.5,14.5,17,23.5,35.25,30.25
,-49,-51,-55,-60,-57,-62,-67,-69,-58,-59,-39,-88,N/A,N/A,N/A,N/A,N/A,N/A
 Guyana,26.63,26.63,26.25,26.8,27.07,27.21,27.08,27.08,19.5,16.63,10.5,19.75,,,,,,
,-83,-62,-60,-53,-53,-53,-47,-49,-52,-56,-57,-73,-75,-87,-117,-125,-100,-106
 Haiti,30.2,29,26.82,26.36,24.66,25.08,23.53,24.09,15.67,16.38,15,15.13,23.5,19.5,33.5,42.13,31,36.5
,-148,-146,-141,-140,-137,-132,-129,-127,-135,-143,-128,-99,-87,-62,-76,-53,-65,N/A
 Honduras,48.2,48.53,45.23,43.75,44.62,39.27,37.14,36.92,61,51.13,42,21.5,25.5,14.5,18,11.75,14.17,
,-80,-73,-70,-73,-69,-70,-61,-58,-54,-34,-48,-51,-61,-58,-39,-34,-56,-18
 Hong Kong,30.01,29.65,29.04,29.46,28.5,27.76,26.55,26.16,17,10.75,11.75,9.75,20,14,8.25,7.5,11,4.83
,-89,-87,-73,-71,-67,-65,-64,-56,-40,-23,-25,-23,-17,-10,-12,-28,-21,-24
 Hungary,30.84,30.44,29.11,29.01,28.17,27.44,26.73,26.09,10,7.5,5.5,5.5,4.5,3,2,6,3.33,6.5
,-15,-14,-13,-10,-19,-21,-8,-9,-6,-1,-9,-1,-1,-1,-1,-1,-1,-1
 Iceland,15.12,14.71,14.1,13.03,15.3,13.87,8.5,8.49,−7.00,0,2,1.5,0.75,0.5,0.5,0.5,0.5,0.5
,-142,-142,-138,-136,-133,-136,-140,-140,-131,-122,-105,-118,-120,-105,-106,-120,-128,-80
 India,45.33,45.33,43.24,42.94,43.17,40.49,40.34,41.22,58,38.75,29.33,30,39.33,26.5,27,38.5,39,26.50[22]
,-119,-124,-124,-124,-130,-138,-132,-139,-146,-117,-100,-111,-100,-103,-102,-117,-110,-57
 Indonesia,36.82,36.77,39.68,39.93,41.72,40.75,38.15,41.05,68,35.83,28.5,27,30.5,26,26,37.75,34.25,20
,-173,-170,-164,-165,-169,-173,-173,-174,-175,-175,-172,-166,-166,-162,-164,-158,-160,-122
 Iran,64.81,64.41,60.71,65.12,66.52,72.32,72.29,73.4,136.6,94.56,104.14,80.33,96.5,90.88,89.17,78.3,89.33,48.25
,-162,-156,-160,-158,-158,-156,-153,-150,-152,-130,-145,-158,-157,-154,-157,-148,-124,-130
 Iraq,55.37,52.6,56.56,54.03,54.35,47.76,45.44,44.67,75.36,45.58,53.3,59.38,67.83,66.83,67,58.5,37.5,79
,-13,-15,-16,-14,-9,-11,-16,-15,-15,-9,-1,-4,-8,-1,-1,-1,-17,-6
 Ireland,12.6,15,14.59,14.08,12.4,11.2,10.87,10.06,−4.00,2,0,2,2,0.5,0.5,0.5,2.83,1
,-88,-88,-87,-91,-101,-101,-96,-112,-92,-86,-93,-46,-44,-50,-47,-36,-44,-92
 Israel[c],30.84,30.8,30.26,31.01,32.58,32.09,31.19,32.97,31.25,23.25,23.75,8.83,13.25,12,10,8,8,30
,N/A,N/A,N/A,N/A,N/A,N/A,N/A,N/A,-133,-132,-150,-149,-103,-135,N/A,-115,-146,N/A
 Israel (extraterritorial)[h],,,,,,,,,59,47,55.5,51.5,32,47,,37.5,49,
,-41,-43,-46,-52,-77,-73,-49,-57,-61,-49,-49,-44,-35,-40,-42,-39,-53,-40
 Italy,23.69,24.98,24.12,26.26,28.93,27.94,23.75,26.11,19.67,15,12.14,8.42,11.25,9.9,8.67,9,9.75,11
,-68,-71,-82,-81,-86,-86,-101,-96,-159,-118,-103,-109,-94,-98,-144,-149,-137,-55
 Ivory Coast,28.94,29.52,30.08,30.42,30.17,30.45,31.63,29.77,83.5,36,29,26.5,27,25,52.25,60.38,42.17,19
,-6,-8,-6,-8,-10,-9,-17,-13,-16,-25,-23,-21,-27,-23,-34,-24,-21,N/A
 Jamaica,10.51,11.13,11.33,12.73,12.45,11.18,10.9,9.88,−3.00,7.67,4.75,4.88,8.63,5.5,7.5,4.17,3.33,
,-66,-67,-67,-72,-72,-61,-59,-53,-22,-11,-17,-29,-37,-51,-37,-42,-44,-26
 Japan,28.86,29.36,28.64,29.44,28.67,26.95,26.02,25.17,−1.00,2.5,3.25,6.5,11.75,12.5,8,10,8,7.5
,-128,-130,-132,-138,-135,-143,-141,-134,-128,-120,-112,-128,-122,-109,-96,-121,-122,-99
 Jordan,42.08,43.11,41.71,43.24,44.49,42.07,40.42,38.47,56.8,37,31.88,36,40.21,27.5,24,39.13,37,33.5
,-157,-158,-158,-157,-160,-160,-161,-160,-154,-162,-142,-125,-125,-128,-119,-131,-138,-116
 Kazakhstan,54.11,52.82,54.41,54.01,54.55,53.46,54.94,55.08,77.5,68.5,49.67,35.33,41.63,41,36.17,44.17,42.5,42
,-103,-100,-96,-95,-95,-100,-90,-71,-84,-70,-96,-97,-78,-118,-109,-82,-79,-75
 Kenya,33.72,32.44,30.82,31.2,31.16,32.07,30.7,27.8,29.5,19,25,21.25,23.75,30.25,30,22.25,18.5,24.75
,-70,-75,-78,-82,-90,N/A,-80,-85,-86,-92,-75,-58,-60,-70,-100,-77,-85,-60
 Kosovo[d],29.33,29.68,29.61,30.45,30.5,,29.29,28.47,30,24.83,16.58,12,19.75,16,25.75,20.13,21.33,20.75
,-109,-108,-105,-104,-103,-90,-91,-77,-78,-87,-60,-61,-63,-73,-85,-103,-102,-78
 Kuwait,34.3,33.86,31.91,33.61,32.59,30.84,30.71,28.28,28,23.75,15.25,12.63,20.17,17,21.25,31.67,31.33,25.5
,-82,-83,-98,-89,-85,-88,-97,-106,-108,-159,-125,-111,-110,-123,-111,-107,-104,-98
 Kyrgyzstan,30.19,29.92,31,30.92,30.16,30.69,31.24,32.2,40,63,40,27,33.6,34,32,35.25,32,31.75
,-172,-171,-170,-170,-173,-171,-171,-168,-165,-168,-169,-164,-161,-156,-155,-153,-163,-133
 Laos,64.28,64.49,66.41,66.41,71.58,71.25,71.22,67.99,89,80.5,92,70,75,67.5,66.5,64.33,94.83,89
,-22,-24,-24,-28,-24,-28,-37,-39,-50,-30,-13,-7,-12,-10,-16,-10,-11,N/A
 Latvia,18.56,19.53,19.63,18.62,17.38,18.12,21.1,22.89,15,8.5,3,3,3.5,3,2.5,1,2.25,
,-102,-101,-100,-99,-98,-98,-106,-101,-93,-78,-61,-66,-98,-107,-108,-87,-106,-56
 Lebanon,33.19,32.44,31.15,33.01,31.95,31.81,31.89,30.15,31.5,20.5,15.42,14,28.75,27,28.25,24.38,32.5,19.67
,-86,-78,-68,-68,-73,-77,-74,-81,-63,-90,-99,-116,-99,-70,-81,-98,-75,N/A
 Lesotho,30.45,29.74,28.78,28.78,28.78,28.36,28.36,28.36,21,24,27.5,29.5,29.5,16,19.5,29.5,17.75,
,-95,-93,-89,-94,-93,-89,-89,-97,-110,-84,-62,-51,-85,-84,-83,-123,-132,-109
 Liberia,32.25,31.49,30.33,31.12,30.71,30.78,30.65,29.89,40.5,22.5,15.5,9.75,25.33,19,20.5,40,40,37.75
,-164,-162,-162,-163,-164,-154,-137,-131,-154,-160,-156,-160,-155,-152,-162,-154,-153,-129
 Libya,55.77,55.77,56.79,56.81,57.89,45.99,39.84,37.86,77.5,63.5,64.5,61.5,66.5,62.5,88.75,65,60,72.5
,-24,-26,-30,-32,-28,-27,-6,-7,N/A,N/A,N/A,N/A,N/A,N/A,N/A,N/A,N/A,N/A
 Liechtenstein,19.52,20.49,20.49,20.31,18.36,17.67,7.02,7.35,,,,,,,,,,
,-28,-30,-36,-36,-35,-31,-32,-33,-30,-11,-10,-16,-23,-27,-21,-16,-17,N/A
 Lithuania,21.19,22.06,22.2,21.37,19.95,18.8,19.2,18.24,4,2.5,2.25,4,7,6.5,4.5,3,2.83,
,-17,-17,-17,-15,-15,-19,-4,-4,-6,-14,-20,-1,N/A,N/A,N/A,N/A,N/A,N/A
 Luxembourg,15.46,15.66,14.72,14.72,14.43,13.61,6.7,6.68,−7.00,4,4,1.5,,,,,,
,-54,-54,-54,-57,-56,-64,-81,-88,-84,-116,-134,-94,-61,-66,-97,-72,-46,-65
 Madagascar,27.68,27.76,26.2,26.71,27.04,27.43,29.38,28.62,29.5,34.88,45.83,21,20,15,24.5,18.5,8.17,22.75
,-69,-68,-64,-70,-66,-59,-73,-75,-146,-79,-62,-70,-92,-101,-89,-101,-84,-84
 Malawi,29.32,29.36,27.43,28.97,28.12,26.41,28.29,28.18,68,21,15.5,15,26.75,25.5,22.75,31,21,27.67
,-101,-123,-145,-144,-146,-147,-147,-145,-122,-141,-131,-132,-124,-92,-113,-122,-104,-110
 Malaysia,33.12,36.74,47.41,46.89,46.57,43.29,42.73,42.73,56,50.75,44.25,39.5,41,22.25,33,39.83,32,37.83
,-79,-98,-120,-117,-112,-112,-108,-103,-73,-52,-51,-104,-129,-144,-148,-157,-145,N/A
 Maldives,29.93,32.16,37.95,39.3,34.17,34.32,33.11,31.1,25,16,14,23.25,45.17,51.25,58.5,69.17,47.5,
,-108,-112,-115,-116,-122,-118,-122,-99,-25,-26,-30,-31,-52,-35,-37,-56,-56,-43
 Mali,34.12,35.23,36.15,38.27,39.83,36.33,36.29,30.03,0,8,8,7.5,16.5,9,8,12.83,11,12.5
,-81,-77,-65,-47,-46,-48,-51,-45,-58,-14,-11,N/A,N/A,N/A,N/A,N/A,N/A,N/A
 Malta,30.16,29.74,27.44,24.76,23.84,24.16,23.84,23.3,19.5,4,2.5,,,,,,,
,-97,-94,-72,-55,-48,-55,-60,-67,-67,-95,-100,-105,-50,-77,-127,-138,-121,-115
 Mauritania,32.54,31.65,29.09,26.49,24.03,25.27,26.53,26.76,22.2,25.38,28.5,23.88,15.5,17.5,40,51,36.67,41.33
,-56,-58,-56,-56,-61,-68,-70,-62,-54,-65,-51,-47,-25,-32,-34,-46,-41,-36
 Mauritius,28,28.46,26.45,26.67,27.69,27.69,27.69,26.47,17,18,14,9,8.5,8,7.5,10.5,7.25,9.5
,-143,-144,-147,-147,-149,-148,-152,-153,-149,-136,-137,-140,-136,-132,-135,-96,-74,-75
 Mexico,45.45,46.78,48.91,48.97,49.33,43.69,45.04,45.3,72.67,47.5,48.25,46.13,53.63,45.83,45.5,27.83,17.67,24.75
,-91,-91,-81,-80,-76,-72,-56,-55,-53,-75,-114,-98,-81,-85,-74,-78,-94,N/A
 Moldova,31.16,31.21,30.01,30.41,28.83,27.85,25.35,26.01,16,19.13,33.75,21.38,24.75,19.17,17.5,20.5,27,
,-73,-70,-71,-69,-60,-54,-88,-98,-100,-76,-91,-93,-74,-86,-53,-73,-77,-72
 Mongolia,29.61,29.51,29.05,28.95,27.61,25.25,30.3,29.93,35.75,19.42,23.33,20.83,23.4,19.25,12.5,19,18.25,24.5
,-105,-104,-103,-106,-106,-114,-114,-113,-107,-104,-77,-53,-58,-45,-65,-77,-85,-60
 Montenegro[f],33.83,32.74,31.21,33.65,32.79,34.63,34.78,32.97,39,28.5,17,10,19,11.5,14.83,20.13,21.33,20.75
,-133,-135,-135,-133,-131,-130,-136,-136,-138,-135,-127,-122,-106,-97,-119,-126,-131,-89
 Morocco,42.88,43.98,43.13,42.42,42.64,39.19,39.72,39.04,63.29,47.4,41,32.25,33.25,24.83,36.17,43,39.67,29
,-104,-103,-99,-93,-87,-85,-79,-73,-66,-98,-82,-90,-73,-45,-49,-64,-63,-70
 Mozambique,33.79,32.66,31.12,31.05,30.25,29.98,29.26,28.01,21.5,26.5,19,20.5,23,11.5,10.5,16.25,14,23.5
,-139,-138,-137,-131,-143,-144,-145,-151,-169,-174,-171,-170,-164,-164,-163,-165,-164,-137
 Myanmar,44.77,44.92,43.15,41.82,45.48,42.08,41.43,44.71,100,94.5,102.67,94.38,93.75,94.75,88.83,103.63,95.5,96.83
,-23,-23,-26,-24,-17,-17,-22,-19,-20,-21,-35,-23,-25,-26,-25,-42,-56,-31
 Namibia,19.25,18.95,20.24,17.08,15.15,12.5,12.5,12.5,−2.00,7,9,5.5,8.5,6,5.5,10,11,8
,-112,-106,-106,-100,-105,-105,-120,-118,-106,-119,-118,-138,-137,-159,-160,-160,-150,-127
   Nepal,35.1,33.4,32.05,33.02,32.62,32.71,36.16,34.61,38.75,36.38,35.63,43.25,53.75,73.5,86.75,84,51.5,63
,-5,-4,-3,-5,-2,-4,-2,-2,-3,-1,-7,-16,-12,-1,-1,-1,-1,-1
 Netherlands,9.96,8.63,10.01,11.28,8.76,9.22,6.46,6.48,−9.00,0,1,4,3.5,0.5,0.5,0.5,0.5,0.5
,-9,-7,-8,-13,-5,-6,-9,-8,-13,-8,-13,-7,-15,-19,-12,-9,-17,N/A
 New Zealand,10.69,10.75,13.62,13.98,10.01,10.06,8.55,8.38,−5.33,1.5,3,3,4.17,5,2,0.67,2.83,
,-117,-114,-90,-92,-75,-74,-71,-78,-72,-83,-76,-59,-47,-69,-68,-52,-34,N/A
 Nicaragua,35.81,35.53,30.41,31.01,28.82,27.94,27.7,28.31,24.33,22.33,16.75,12.5,14.25,15.5,15.25,11.67,6.5,
,-57,-66,-63,-61,-52,-47,-48,-43,-29,-104,-139,-130,-87,-95,-57,-71,-68,-53
 Niger,28.25,29.26,27.4,27.21,24.62,23.85,23.59,23.08,2.5,28.5,48.5,37,25.5,24.5,13,18.33,15.75,18.5
,-115,-120,-119,-122,-116,-111,-112,-115,-126,-145,-135,-131,-131,-120,-123,-117,-103,-49
 Nigeria,35.63,36.5,37.41,39.69,35.9,34.09,34.24,34.11,56.4,51.5,46,37.75,49.83,32.23,38.75,37.75,31.5,15.5
,-180,-179,-180,-180,-179,-179,-179,-178,-178,-177,-174,-172,-168,-168,-167,-167,-166,-139
 North Korea,85.82,83.4,88.87,84.98,83.76,83.25,81.96,83.9,141,104.75,112.5,96.5,108.75,109,109,107.5,99.5,97.5
,-92,-95,-109,-111,-118,-117,-123,-116,-94,-68,-34,-42,-36,-45,-43,-49,-51,N/A
 North Macedonia,31.28,31.66,32.43,35.74,36.09,36.26,36.43,34.27,31.67,18.4,8.75,8.25,11.5,11.5,8.75,11.25,9.67,
,-77,-74,-77,-75,-81,N/A,-83,-94,-102,-61,-51,-53,-58,-62,-53,-81,-83,N/A
 Northern Cyprus[e],29.79,29.67,29.59,29.88,29.54,,29.54,29.34,37,17.25,14,10,19,14.5,12.5,22,20.83,
,-1,-1,-1,-1,-3,-2,-3,-3,-1,-1,-1,-1,-1,-6,-1,-1,-1,-1
 Norway,7.84,7.82,7.63,7.6,8.79,7.75,6.52,6.52,−10.00,0,0,1.5,0.75,2,0.5,0.5,0.5,0.5
,-135,-132,-127,-126,-125,-127,-134,-141,-117,-124,-106,-123,N/A,N/A,N/A,N/A,-152,N/A
 Oman,43.42,43.42,40.67,40.46,40.43,38.83,38.83,41.51,55,40.25,29.5,32.67,,,,,57.75,
,-44,-50,-35,-38,-30,N/A,-36,-34,-25,-57,N/A,N/A,N/A,N/A,N/A,N/A,N/A,N/A
Organisation of Eastern Caribbean States,23.78,26.04,22.11,22.1,18.91,,20.81,19.72,0,16.5,,,,,,,,
,-145,-142,-139,-139,-147,-159,-158,-159,-151,-151,-159,-152,-152,-157,-150,-150,-128,-119
 Pakistan,45.52,45.83,43.24,43.55,48.52,50.46,51.46,51.31,75,56.17,65.67,54.88,64.83,70.33,60.75,61.75,39,44.67
,-137,-137,-134,-135,-132,-140,-138,-146,-153,-150,-161,-163,-158,-134,-132,-127,-130,-82
 Palestine,44.09,44.68,42.96,42.9,42.93,41.01,40.11,43.09,76,56.13,69.83,66.88,69.83,46.75,42.5,43.17,39.25,27
,-76,-79,-91,-96,-91,-83,-87,-111,-113,-81,-55,-57,-54,-39,-66,-61,-53,-49
 Panama,29.78,29.78,30.56,32.12,30.59,28.98,30.2,32.95,45.67,21.83,14.5,11.83,17.88,9.5,15,14.5,9.75,15.5
,-46,-38,-53,-51,-55,-56,-44,-41,-35,-42,-56,N/A,N/A,N/A,N/A,N/A,N/A,N/A
 Papua New Guinea,23.93,24.7,26.19,25.07,25.81,25.87,23.46,22.97,9,13.33,14.7,,,,,,,
,-100,-99,-107,-110,-111,-109,-105,-91,-80,-54,-54,-90,-90,-82,-69,-46,-40,-32
 Paraguay,32.97,32.4,32.32,35.64,33.63,33.74,31.81,28.78,29,16.25,14.33,20.5,26.1,18.25,15.5,10.5,7.17,8.5
,-90,-85,-88,-90,-84,-92,-104,-105,-115,-109,-85,-108,-117,-112,-116,-123,-55,-36
 Peru,30.94,30.22,30.27,30.98,29.99,31.21,31.7,31.87,51.25,30,20.88,26.25,37.38,28.25,33.33,40,10.25,9.5
,-136,-134,-133,-127,-138,-141,-149,-147,-140,-156,-122,-139,-128,-142,-139,-111,-118,-89
 Philippines,43.54,43.91,42.53,41.08,44.66,41.19,43.69,43.11,64.5,60,38.25,45,44.75,51,50,36.63,35.25,29
,-62,-59,-58,-54,-47,-18,-19,-22,-24,-32,-37,-47,-56,-58,-53,-32,-33,-29
 Poland,28.65,28.89,26.59,26.47,23.89,12.71,11.03,13.11,−0.67,8.88,9.5,9,18.5,14,12.5,6.83,6.17,7.75
,-10,-12,-14,-18,-23,-26,-30,-28,-33,-40,-30,-16,-8,-10,-23,-25,-28,-7
 Portugal,11.83,12.63,14.17,15.77,17.27,17.11,17.73,16.75,5.33,12.36,8,4,2,3,4.83,4.5,5.17,1.5
,-129,-128,-125,-123,-117,-115,-113,-110,-114,-121,-94,-74,-79,-80,-90,-104,-115,N/A
 Qatar,42.51,42.51,40.16,39.83,35.97,35.35,34.32,32.86,46,38,24,15.5,24,18,23,32.5,35,
,-48,-47,-44,-46,-49,-52,-45,-42,-47,-52,-50,-47,-42,-58,-70,-70,-59,-45
 Romania,25.91,25.67,23.65,24.46,24.29,24.9,23.48,23.05,14,16,12.5,9,12.75,14,16.17,17.83,11.5,13.25
,-149,-149,-148,-148,-148,-152,-148,-148,-142,-140,-153,-141,-144,-147,-138,-140,-148,-121
 Russia,48.92,50.31,49.96,49.45,49.03,44.97,42.78,43.42,66,49.9,60.88,47.5,56.9,52.5,48.67,51.38,49.5,48
,-155,-155,-156,-159,-161,-161,-162,-161,-156,-169,-157,-145,-147,-128,-122,-113,-110,-107
 Rwanda,50.34,52.43,52.9,54.11,54.61,56.57,56.57,55.46,81,81,64.67,50,58.88,41,38,37.25,34.25,37.5
,-21,-22,-22,-21,-29,-40,-40,-48,-54,-111,N/A,N/A,N/A,N/A,N/A,N/A,N/A,N/A
 Samoa,18.25,18.25,16.69,16.41,18.8,22.32,22.02,23.84,17,33,,,,,,,,
,-170,-172,-169,-168,-165,-164,-164,-163,-158,-157,-163,-161,-148,-161,-154,-159,-156,-125
 Saudi Arabia,62.14,65.88,63.13,66.02,59.72,59.41,58.3,56.88,83.25,61.5,76.5,61.75,59.75,76,66,79.17,71.5,62.5
,-47,-49,-50,-58,-65,-71,-62,-59,-75,-93,-89,-86,-83,-77,-78,-80,-66,-47
 Senegal,23.99,25.81,25.61,26.72,27.99,27.77,26.68,26.19,26,25,22,19,25,17.5,19,21.5,14.5,14
,-93,-90,-76,-66,-59,-67,-54,-63,-80,-85,-62,-64,-67,-45,-65,-77,-85,-60
 Serbia[f],31.62,31.18,29.58,28.05,27.6,27.66,25.05,26.59,29,23,15.5,13.5,21,11.5,14.83,20.13,21.33,20.75
,-63,-69,-85,-87,-92,-96,-103,-93,-73,-65,-72,-74,-104,-95,-71,-83,-93,-60
 Seychelles,28.66,29.41,30.17,30.86,30.6,31.55,31.68,29.19,25,18,16,15.5,33,24.5,17,23.5,26.75,20.75
,-85,-86,-79,-85,-83,-79,-72,-61,-63,-91,-115,-114,-121,-103,-126,-88,-87,-72
 Sierra Leone,30.28,30.36,29.98,30.73,29.94,28.47,28.23,26.35,21,24.25,34,27.75,39.5,26,39.5,24.5,23.5,24.5
,-158,-151,-151,-151,-154,-153,-150,-149,-135,-136,-133,-144,-141,-146,-140,-147,-144,N/A
 Singapore,55.23,51.41,50.95,51.1,52.96,45.87,44.29,43.43,61,47.5,45,49,56,51.5,50.67,57,47.33,
,-33,-35,-27,-17,-12,-14,-20,-23,-25,-35,-44,-7,-3,-8,-8,-1,-12,N/A
 Slovakia,22.67,23.58,20.26,15.51,13.26,11.66,11.39,13.25,0,11.5,11,3,1,2.5,0.75,0.5,2.5,
,-32,-34,-32,-37,-40,-35,-34,-35,-36,-46,-37,-30,-21,-10,-9,-15,-20,-14
 Slovenia,22.64,22.31,21.69,21.7,22.26,20.55,20.38,20.49,9.14,13.44,9.5,7.33,6.5,3,1,2.25,3,4
,-163,-164,-168,-167,-167,-172,-176,-175,-164,-161,-164,-153,-159,-144,-149,-128,-140,N/A
 Somalia,55.45,57.24,63.04,65.95,65.35,72.31,73.19,73.59,88.33,66,77.5,58,71.5,51.25,59,43.5,45,
,-31,-31,-28,-31,-39,-39,-42,-52,-42,-38,-33,-36,-43,-44,-31,-26,-21,-26
 South Africa,22.41,22.19,20.39,20.12,21.92,22.06,23.19,24.56,12,12,8.5,8,13,11.25,6.5,5,3.33,7.5
,-42,-41,-43,-63,-70,-60,-57,-50,-44,-42,-69,-47,-39,-31,-34,-48,-49,-39
 South Korea,23.7,24.94,23.51,27.61,28.58,26.55,25.66,24.48,12.67,13.33,15.67,9,12.13,7.75,7.5,11.13,9.17,10.5
,-138,-139,-144,-145,-140,-125,-119,-124,-111,N/A,N/A,N/A,N/A,N/A,N/A,N/A,N/A,N/A
 South Sudan,44.49,45.65,46.88,48.16,44.87,38.04,36.05,36.2,41.25,,,,,,,,,
,-29,-29,-31,-29,-34,-33,-35,-36,-39,-39,-44,-36,-33,-41,-40,-39,-42,-29
 Spain,22.16,21.99,20.51,18.69,19.92,19.95,20.63,20.5,9.75,12.25,11,8,10.25,10,8.33,9,7.67,7.75
,-127,-126,-131,-141,-141,-165,-165,-162,-163,-158,-162,-165,-156,-141,-115,-109,-89,-51
 Sri Lanka,41.94,39.61,41.37,44.34,44.96,60.28,59.13,56.59,87.5,62.5,75,78,67.5,50.75,33.25,36.5,24.83,15.75
,-159,-175,-174,-174,-174,-174,-172,-170,-170,-172,-148,-135,-140,-139,-133,-132,-142,-105
 Sudan,55.33,72.45,71.13,73.56,72.53,72.34,71.88,70.06,100.75,85.33,54,42,55.75,48.13,44,44.25,45.75,36
,-20,-20,-21,-20,-22,-29,-31,-31,-22,-35,-42,-26,N/A,N/A,N/A,N/A,N/A,N/A
 Suriname,17.5,16.38,16.44,16.07,16.7,18.2,18.2,18.19,−1.00,11.5,10.6,6,,,,,,
,-4,-3,-2,-2,-8,-5,-10,-10,-12,-1,-1,-7,-5,-14,-12,-11,-9,-7
 Sweden,9.25,8.31,8.31,8.27,12.33,9.47,8.98,9.23,−5.50,0,0,3,1.5,4,2,2,1.5,1.5
,-8,-6,-5,-7,-7,-20,-15,-14,-8,-1,-7,-7,-11,-8,-1,-1,-12,-15
  Switzerland,10.62,10.52,11.27,12.13,11.76,13.85,10.47,9.94,−6.20,0,1,3,3,2.5,0.5,0.5,2.5,4.25
,-174,-174,-177,-177,-177,-177,-177,-176,-176,-173,-165,-159,-154,-153,-145,-155,-155,-126
 Syria,72.57,71.78,79.22,81.49,81.35,77.29,77.04,78.53,138,91.5,78,59.63,66,63,55,67.5,67.5,62.83
,-43,-42,-42,-45,-51,-51,-50,-47,-45,-48,-59,-36,-32,-43,-51,-60,-61,-35
 Taiwan,23.76,24.98,23.36,24.37,24.37,24.83,23.82,23.82,13,14.5,15.08,8,10,10.5,12.25,14.25,12,9
,-161,-161,-149,-149,-150,-116,-115,-123,-122,-115,-113,-106,-115,-117,-113,-95,-113,-86
 Tajikistan,55.34,54.02,50.06,50.27,50.34,36.19,34.86,35.71,56,34.5,32,25.5,37,30,33,27.75,34.5,28.25
,-124,-118,-93,-83,-71,-75,-69,-70,-34,-41,-62,-70,-55,-88,-74,-61,-69,-62
 Tanzania,40.25,36.28,30.65,30.65,28.65,28.09,27.3,27.34,6,13,15.5,15,18,19.82,17.5,14.5,16.5,21.25
,-140,-136,-140,-142,-136,-134,-130,-135,-137,-153,-130,-124,-135,-122,-107,-59,-82,-65
 Thailand,44.94,44.1,44.31,44.69,44.53,40.07,37.94,38.6,61.5,56.83,44,34.5,53.5,33.5,28,14,19.67,22.75
,-71,-76,-86,-86,-88,-80,-76,-83,-79,-60,-62,-53,-49,-66,-95,-75,-95,-97
 Togo,29.33,29.69,30.23,30.75,30.31,28.5,29,28.45,28.5,17,15.5,10,15.17,15,23.75,19.5,27.5,31.5
,-50,-45,-51,-49,-37,-44,-63,-66,-63,-87,N/A,-82,-119,-53,-63,-119,N/A,N/A
 Tonga,27.27,25.41,25.68,24.97,21.24,23.37,26.7,26.7,21,23.75,,18,38.25,13,14.5,38.17,,
,-36,-39,-39,-34,-44,-41,-43,-44,-50,-30,-28,-27,-19,-19,-12,-11,-5,N/A
 Trinidad and Tobago,23.22,24.74,22.79,20.62,23.29,22.39,23.28,23.12,15,8.5,7,6.13,5,5,2,2,1,
,-72,-72,-97,-97,-96,-126,-133,-138,-134,-164,-154,-143,-145,-148,-147,-152,-149,-128
 Tunisia,29.45,29.61,30.91,32.22,31.6,38.68,38.69,39.93,60.25,72.5,61.5,48.1,57,53.75,57.5,62.67,50.83,67.75
,-154,-157,-157,-155,-151,-149,-154,-154,-148,-138,-122,-102,-101,-98,-98,-113,-115,-99
 Turkey,50.02,52.81,53.5,52.98,50.76,44.16,45.87,46.56,70,49.25,38.25,22.75,31.25,25,25,37.25,35,33.5
,-179,-180,-178,-178,-178,-178,-178,-177,-177,-176,-173,-171,-167,-167,-165,-164,-158,-136
 Turkmenistan,85.44,85.44,84.2,84.19,83.44,80.83,80.81,79.14,140.67,95.33,107,95.5,103.75,98.5,93.5,99.83,82.83,91.5
,-125,-125,-117,-112,-102,-97,-110,-104,-139,-96,-86,-107,-96,-116,-80,-86,-91,-52
 Uganda,40.95,39.42,35.77,35.94,32.58,31.65,33.29,31.69,64,25.5,21.5,26,28,29.83,19.25,24,25.75,17
,-96,-102,-101,-102,-107,-129,-127,-126,-116,-131,-89,-87,-92,-105,-112,-138,-132,-112
 Ukraine,32.52,32.46,31.16,33.19,32.93,39.1,36.93,36.79,54,46.83,22,19.25,26.75,26.5,32.5,51,40,40
,-131,-133,-128,-119,-119,-120,-118,-114,-112,-87,-86,-69,-65,-77,-100,-137,-122,N/A
 United Arab Emirates,42.69,43.63,40.86,39.39,36.73,36.73,36.03,33.49,45,23.75,21.5,14.5,20.25,17.5,25.75,50.25,37,
,-35,-33,-40,-40,-38,-34,-33,-29,-28,-19,-20,-23,-24,-27,-24,-28,-27,-21
 United Kingdom,22.93,22.23,23.25,22.26,21.7,20,19.93,16.89,2,6,4,5.5,8.25,6.5,5.17,6,4.25,6
,-45,-48,-45,-43,-41,-49,-46,-32,-47,-20,-20,-36,-48,-53,-44,-22,-31,-17
 United States[c],23.85,25.69,23.73,23.88,22.49,24.41,23.49,18.22,14,6.75,4,8,14.5,13,9.5,4,6,4.75
,N/A,N/A,N/A,N/A,N/A,N/A,N/A,N/A,-57,-99,-108,-119,-111,-119,-137,-108,-135,N/A
 United States (extraterritorial)[g],,,,,,,,,19,27,30,31,36,31.5,48.5,36,41,
,-19,-19,-20,-25,-20,-23,-26,-27,-32,-37,-29,-43,-37,-57,-46,-42,-25,-21
 Uruguay,15.79,16.06,15.56,17.43,15.88,15.94,16.08,15.92,4.25,11.75,7.63,8.33,11.75,13.75,9.75,10,4,6
,-156,-160,-165,-169,-166,-166,-166,-164,-157,-163,-160,-162,-160,-158,-155,-142,-154,-120
 Uzbekistan,53.07,53.52,60.84,66.11,61.15,61.14,61.01,60.39,83,71.5,67.67,62.7,74.88,71,66.5,52.13,61.5,45
,-147,-148,-143,-137,-139,-137,-116,-117,-117,-133,-124,-113,-114,-115,-90,-90,-96,-77
 Venezuela,45.66,49.1,46.03,42.94,44.77,40.61,35.37,34.44,55,47.33,39.5,27.33,36.88,29,23,24.63,27.83,25
,-175,-176,-175,-175,-175,-175,-174,-172,-172,-165,-166,-168,-162,-155,-158,-161,-159,-131
 Vietnam,74.71,74.93,75.05,73.96,74.27,72.63,72.36,71.78,114,75.75,81.67,86.17,79.25,67.25,73.25,86.88,89.17,81.25
,-167,-168,-167,-166,-170,-168,-167,-169,-171,-170,-167,-155,-143,-149,-136,-135,-136,-103
 Yemen,58.25,61.66,62.23,65.8,67.07,66.36,67.26,69.22,101,82.13,83.38,59,56.67,54,46.25,48,41.83,34.75
,-120,-119,-113,-114,-114,-113,-93,-72,-86,-82,-97,-74,-68,-93,-90,-100,-86,-81
 Zambia,37,36.38,35.36,36.48,35.08,34.35,30.89,27.93,30,22,26.75,15.5,21.5,22.5,23,29.75,23.25,26.75
,-126,-127,-126,-128,-124,-131,-135,-133,-117,-123,-136,-151,-149,-140,-153,-155,-141,-122
 Zimbabwe,40.95,42.23,40.53,41.44,40.41,39.19,39.19,38.12,55,39.5,46.5,54,62,50,64.25,67.5,45.5,48.25
